name,followers,popularity,genres,image_url,external_url
HammerFall,414983.0,60.0,"['gothenburg metal', 'hard rock', 'melodic metal', 'metal', 'neo classical metal', 'power metal', 'progressive metal', 'swedish power metal']",https://i.scdn.co/image/a5738859a69fa1f00368f8bee2fb2a3ac26f31f7,https://open.spotify.com/artist/2o18h28enlHxj887tATc58
Dream Theater,1082032.0,66.0,"['metal', 'neo classical metal', 'power metal', 'progressive metal', 'progressive rock', 'rock']",https://i.scdn.co/image/4dd1dfaf7eb5d9140d92ebd9e087a98513a2ce71,https://open.spotify.com/artist/2aaLAng2L2aWD2FClzwiep
In Flames,813008.0,69.0,"['alternative metal', 'gothenburg metal', 'melodic death metal', 'melodic metalcore', 'metal', 'nu metal', 'swedish death metal', 'swedish metal']",https://i.scdn.co/image/821e74e9b668efb8a98b2866f4788ed2f4dd45a0,https://open.spotify.com/artist/57ylwQTnFnIhJh4nu4rxCs
Amon Amarth,718900.0,66.0,"['alternative metal', 'death metal', 'melodic death metal', 'metal', 'power metal', 'swedish death metal', 'swedish metal', 'tolkien metal', 'viking metal']",https://i.scdn.co/image/2b6e47010d6df6c550bf8f22d58fa70409f421e3,https://open.spotify.com/artist/3pulcT2wt7FEG10lQlqDJL
Thomas Bergersen,168534.0,69.0,"['epicore', 'soundtrack', 'video game music']",https://i.scdn.co/image/9cc2b715294ec21bebc2629a257d302b98ec9ba6,https://open.spotify.com/artist/6BF0bXbsdujMSMeFZBGcBq
Hans Zimmer,2239132.0,80.0,"['german soundtrack', 'soundtrack']",https://i.scdn.co/image/635afc786816b69612cc70fd43b1f7c43b49b56b,https://open.spotify.com/artist/0YC192cP3KPCRWx8zr8MfZ
Wintersun,134359.0,45.0,"['finnish death metal', 'finnish metal', 'finnish power metal', 'folk metal', 'melodic death metal', 'metal', 'power metal', 'progressive metal', 'symphonic death metal', 'viking metal']",https://i.scdn.co/image/2609fc9a39e201a14c8fd7e12f4bfff7f59be3c1,https://open.spotify.com/artist/6ui6SwChan7c1KYBQCqGKV
Nightwish,1437979.0,71.0,"['finnish metal', 'finnish power metal', 'gothic metal', 'gothic symphonic metal', 'opera metal', 'power metal', 'progressive metal', 'symphonic metal']",https://i.scdn.co/image/fd1be3774e33bbef460f916cc13f9a31c78a4fb4,https://open.spotify.com/artist/2NPduAUeLVsfIauhRwuft1
Children Of Bodom,454954.0,60.0,"['alternative metal', 'finnish death metal', 'finnish metal', 'melodic death metal', 'metal', 'power metal', 'progressive metal']",https://i.scdn.co/image/cf38b80a87aba5e192a651376fb9b4042c0a607b,https://open.spotify.com/artist/1xUhNgw4eJDZfvumIpcz1B
Two Steps from Hell,555820.0,69.0,"['epicore', 'soundtrack', 'video game music']",https://i.scdn.co/image/ab67616d00001e02149cf6977defe909fd7d34fd,https://open.spotify.com/artist/2qvP9yerCZCS0U1gZU8wYp
Stratovarius,407708.0,58.0,"['finnish metal', 'finnish power metal', 'hard rock', 'melodic metal', 'metal', 'neo classical metal', 'power metal', 'progressive metal', 'symphonic metal']",https://i.scdn.co/image/ff46b7ae4f095874bddc7a3738c235d5a49c7596,https://open.spotify.com/artist/1O8CSXsPwEqxcoBE360PPO
FalKKonE,41672.0,56.0,"['otacore', 'scorecore']",https://i.scdn.co/image/a41d765ede2b8cf1164376a1c1245720c996d730,https://open.spotify.com/artist/4pAgH7ZVMfeEqm11iwwYjA
Howard Shore,332901.0,70.0,"['canadian classical', 'canadian soundtrack', 'middle earth', 'scorecore', 'soundtrack', 'video game music']",https://i.scdn.co/image/d3b67518f4f122b8a00e1039045a1bffdcb38e0a,https://open.spotify.com/artist/0OcclcP5o8VKH2TRqSY2A7
Beast In Black,106136.0,61.0,"['finnish heavy metal', 'finnish metal', 'finnish power metal', 'melodic metal', 'power metal']",https://i.scdn.co/image/be5cd0ff55078d83387ef251f72c11d0884e9073,https://open.spotify.com/artist/0rEuaTPLMhlViNCJrg3NEH
LEX,85478.0,52.0,['greek trap'],https://i.scdn.co/image/5f5e7bd97495cb823d4b7b6a3a9fcb0341f50b61,https://open.spotify.com/artist/3ObDUGvTK5W2QJqBQyIkm1
Bullet For My Valentine,2115519.0,72.0,"['alternative metal', 'melodic metalcore', 'metalcore', 'nu metal', 'pop punk', 'uk metalcore', 'welsh metal']",https://i.scdn.co/image/5a380a9e558ae882ade8022fe0bd75bac8367cfe,https://open.spotify.com/artist/7iWiAD5LLKyiox2grgfmUT
Ensiferum,223875.0,55.0,"['finnish metal', 'folk metal', 'melodic death metal', 'metal', 'power metal', 'viking metal']",https://i.scdn.co/image/b513ad18e11d9b07546b23e9f3f7b1892ae0f573,https://open.spotify.com/artist/0krXCIkthz13P8o0v2tksH
Future World Music,45704.0,47.0,['epicore'],https://i.scdn.co/image/6d80d4e10b656533c449dab6718d7019792ef8d2,https://open.spotify.com/artist/6gmhrHojnyp0SfG4WwJgIE
Epica,572607.0,61.0,"['dutch metal', 'gothic metal', 'gothic symphonic metal', 'neo classical metal', 'opera metal', 'power metal', 'progressive metal', 'symphonic metal']",https://i.scdn.co/image/f92856918ff9e5b0be2f092d074cc297fff25f14,https://open.spotify.com/artist/5HA5aLY3jJV7eimXWkRBBp
Efisio Cross,6983.0,43.0,['epicore'],https://i.scdn.co/image/d8651d73704bdd18000c47ae3a0ae9456fe32928,https://open.spotify.com/artist/4AeQ7Pcq0mxxRuKjxDtvCk
Iván Torrent,40248.0,51.0,['epicore'],https://i.scdn.co/image/0d83ebb5b43e07c556b91150d82ef67c8040675e,https://open.spotify.com/artist/3C6hf9ZIza3e2f2Q3XwfcO
Nick Phoenix,15143.0,55.0,"['epicore', 'scorecore', 'video game music']",https://i.scdn.co/image/ab67616d00001e02b39c2cbabff56ac3c55b6f4e,https://open.spotify.com/artist/3EvzCyNmY3kbUkMawjsndF
Helloween,742990.0,63.0,"['german metal', 'hard rock', 'metal', 'neo classical metal', 'old school thrash', 'power metal', 'progressive metal', 'rock', 'speed metal']",https://i.scdn.co/image/40135b5a51071fce49953b9516b2a42a28cd32a5,https://open.spotify.com/artist/4pQN0GB0fNEEOfQCaWotsY
Arch Enemy,604797.0,61.0,"['alternative metal', 'death metal', 'melodic death metal', 'metal', 'nu metal', 'power metal', 'slayer', 'swedish death metal', 'swedish metal']",https://i.scdn.co/image/42b234b54c32d78a67ac6a59d3d90f1c87d6e4d8,https://open.spotify.com/artist/0DCw6lHkzh9t7f8Hb4Z0Sx
Jason Richardson,35888.0,48.0,"['djent', 'shred']",https://i.scdn.co/image/b78f46bc76ec43bea5ba30bf0f1281644ec3c484,https://open.spotify.com/artist/4fsZkYcSEUEvZK2tEjzrVY
Eluveitie,379187.0,60.0,"['bow pop', 'celtic metal', 'celtic rock', 'folk metal', 'hurdy-gurdy', 'melodic death metal', 'power metal', 'swiss metal']",https://i.scdn.co/image/ddf0debf9857d12855f44287829ceca0e8fd4d62,https://open.spotify.com/artist/5X0N2k3qMnI8kSrGJT3kfT
Sentenced,64151.0,48.0,"['finnish death metal', 'finnish metal', 'gothic metal', 'melodic death metal', 'metal', 'oulu metal']",https://i.scdn.co/image/f2b06ab3b521d285f59cea442a729bfb70d381be,https://open.spotify.com/artist/5jQPKWBobu6cJwGSbbqgCk
Within Temptation,854146.0,67.0,"['dutch metal', 'gothic metal', 'gothic symphonic metal', 'power metal', 'symphonic metal']",https://i.scdn.co/image/21f484d83b6b4f0cb60da6848fdf06a011d525b8,https://open.spotify.com/artist/3hE8S8ohRErocpkY7uJW4a
Steve Jablonsky,135148.0,62.0,"['epicore', 'scorecore', 'soundtrack', 'video game music']",https://i.scdn.co/image/1eb0961d52be1ea6cddf36d3bd41defd80d2dc41,https://open.spotify.com/artist/5Il8YjuVAWkWNH2xgjFMpF
Audiomachine,179861.0,63.0,"['epicore', 'scorecore', 'video game music']",https://i.scdn.co/image/ab67616d00001e02b2e5eb4dfb5d1cb7c90526b9,https://open.spotify.com/artist/5F4ObszoeVebqtc0B3XqJa
Modern Day Babylon,31343.0,35.0,"['djent', 'instrumental progressive metal']",https://i.scdn.co/image/ab67616d00001e020e5e3a89c684deb132a7c97c,https://open.spotify.com/artist/1KkwPJo8M1KmVs5qSlkxAa
Victorius,9032.0,36.0,"['melodic metal', 'symphonic power metal']",https://i.scdn.co/image/1fca58b254e6584a91682462d05207e398f1e7b9,https://open.spotify.com/artist/2INeE2VBbawRQNI6ezc4lN
Turilli / Lione Rhapsody,5618.0,32.0,"['italian power metal', 'melodic metal']",https://i.scdn.co/image/ab6772690000dd2295ef0e0a4594750523dc54ff,https://open.spotify.com/artist/4jp6jGwANHkhNr6gbJNhiy
Kalmah,86795.0,44.0,"['finnish death metal', 'finnish metal', 'folk metal', 'melodic death metal', 'metal', 'oulu metal', 'symphonic black metal']",https://i.scdn.co/image/91bba9f6fe7794c6aa89748e09266197e18b23b0,https://open.spotify.com/artist/2YPVtFn6SsYNntkmrdDpGF
Draconian,74553.0,46.0,"['doom metal', 'gothic metal', 'gothic symphonic metal', 'melodic death metal', 'swedish doom metal', 'swedish metal', 'symphonic black metal']",https://i.scdn.co/image/61ba5ba26e07a09ee7a8c3458f7f52a580e4547b,https://open.spotify.com/artist/1TX9g1uSl0B0DQIE9lBqmU
Damnation Angels,7711.0,33.0,"['melodic metal', 'melodic power metal', 'symphonic power metal']",https://i.scdn.co/image/1440db784980f5ee30fd2641269c138fdc7fb21b,https://open.spotify.com/artist/2eEhQPfMLCsfp86DtyMH2D
Angel Vivaldi,65045.0,44.0,"['djent', 'instrumental progressive metal', 'shred']",https://i.scdn.co/image/8a4d2e201db94f1fcbaedd9cf2528426c0580af0,https://open.spotify.com/artist/4IvneyseUnh42KeTx1icxK
Dark Sarah,21899.0,41.0,"['gothic metal', 'gothic symphonic metal', 'melodic metal', 'slayer', 'symphonic metal', 'symphonic power metal']",https://i.scdn.co/image/2fff3358792c84f827e978ee82033a403792d480,https://open.spotify.com/artist/6TvwiAPxsB2Zj2o8bNlogk
Epic Score,55620.0,54.0,['epicore'],https://i.scdn.co/image/ab67616d00001e02091d5bfaa6aaf8e8051cc6f2,https://open.spotify.com/artist/4Kyb02r7dR3H1PH7pYkb8X
Sabaton,1117050.0,77.0,"['metal', 'power metal', 'swedish metal', 'swedish power metal']",https://i.scdn.co/image/508b65d5e0ae5dae0436804d16051ad3029afe41,https://open.spotify.com/artist/3o2dn2O0FCVsWDFSh8qxgG
Disturbed,4255988.0,79.0,"['alternative metal', 'nu metal', 'rap metal']",https://i.scdn.co/image/8fd50dcb2405df64ba2e49659bf67c5d44e4c5e7,https://open.spotify.com/artist/3TOqt5oJwL9BE2NG9MEwDa
Sonata Arctica,442677.0,59.0,"['finnish metal', 'finnish power metal', 'melodic metal', 'metal', 'neo classical metal', 'power metal', 'progressive metal', 'symphonic metal']",https://i.scdn.co/image/6f271317fe999862e1b3d5d8906d0d19cfa52f51,https://open.spotify.com/artist/5YeoQ1L71cXDMpSpqxOjfH
Immediate,44845.0,49.0,"['epicore', 'scorecore', 'soundtrack', 'video game music']",https://i.scdn.co/image/ab67616d00001e02de9bcf502111e928c25c15a3,https://open.spotify.com/artist/5RcJDMYwS4w1XJkNiR4LvM
Anser,19435.0,39.0,"['greek trap', 'greek underground rap']",https://i.scdn.co/image/ab67616d00001e02ad1bef56770866092570e2ef,https://open.spotify.com/artist/3peCLl6eMLh8lJyRUt4jc8
Sirenia,149389.0,47.0,"['gothic metal', 'gothic symphonic metal', 'melodic metal', 'norwegian metal', 'slayer', 'symphonic metal']",https://i.scdn.co/image/78c60faa3f8ae8a9042fabcd050a17b534bcc85c,https://open.spotify.com/artist/5FXMcILCOMjljRTV6cLoiE
Yasuharu Takanashi,25905.0,58.0,"['anime', 'anime score', 'japanese celtic', 'otacore']",https://i.scdn.co/image/0b9608cd3bdad3f0c1893b9201a48bd522a97e4e,https://open.spotify.com/artist/64mecceQewFCKwCK6JBW0o
Delain,189701.0,55.0,"['dutch metal', 'gothic metal', 'gothic symphonic metal', 'melodic metal', 'power metal', 'slayer', 'symphonic metal']",https://i.scdn.co/image/69fe3677eb90adb9cd57ead286e3146148677750,https://open.spotify.com/artist/6pIRdCtSE5hLFfIfcTAicI
Powerwolf,471600.0,68.0,"['german metal', 'metal', 'power metal', 'progressive metal']",https://i.scdn.co/image/893687bb1a0565038fbd18f635027675ffccf9bb,https://open.spotify.com/artist/5HFkc3t0HYETL4JeEbDB1v
Les Friction,29327.0,47.0,"['epicore', 'modern alternative rock']",https://i.scdn.co/image/ab67616d00001e029809e88c0cb728ca0a7a111c,https://open.spotify.com/artist/6w3KIJjRhRR0yuABLt68Rz
Warmen,8001.0,32.0,"['finnish metal', 'finnish power metal', 'neo classical metal', 'power metal']",https://i.scdn.co/image/ab67616d00001e02435b6d907ba614612f6df2e4,https://open.spotify.com/artist/28pvPjZ2n9xUBEHnMgupmh
